publication_ID	author_ID	work_OpenAlex_ID	source_file	author_name_full	author_name_display	author_name_raw	OpenAlex_Author_ID	ORCID	Position	Countries	Institutions	Affiliations	author_name_display_clean	author_name_recovered_from_full	author_name_for_internal_ID
PA_PUB_0053931	PA_AUTH_0029611	https://openalex.org/W2001330817	ADMINSOC_openalex.tsv	Brian Head (Brian W. Head)	Brian Head	Brian W. Head	https://openalex.org/A5036363269	https://orcid.org/0000-0002-9915-0628	first	AU	The University of Queensland ### ID: https://openalex.org/I165143802 ### ROR: https://ror.org/00rqy9422 ### Type: education	"University of Queensland, St Lucia, Australia"	Brian Head		brian head
PA_PUB_0053931	PA_AUTH_0021979	https://openalex.org/W2001330817	ADMINSOC_openalex.tsv	John Alford (John Alford)	John Alford	John Alford	https://openalex.org/A5026984273	https://orcid.org/0009-0006-0195-4414	last	AU	Australia and New Zealand School of Government ### ID: https://openalex.org/I40676200 ### ROR: https://ror.org/04k2gzh89 ### Type: education || The University of Melbourne ### ID: https://openalex.org/I165779595 ### ROR: https://ror.org/01ej9dk98 ### Type: education	"2University of Melbourne, Victoria, Australia#TAB#3The Australia and New Zealand School of Government, Victoria, Australia"	John Alford		john alford
PA_PUB_0037831	PA_AUTH_0079537	https://openalex.org/W2030537285	ADMINSOC_openalex.tsv	Torben Beck Jørgensen (Torben Beck Jørgensen)	Torben Beck Jørgensen	Torben Beck Jørgensen	https://openalex.org/A5104105895		first	DK	University of Copenhagen ### ID: https://openalex.org/I124055696 ### ROR: https://ror.org/035b05819 ### Type: education	"University of Copenhagen, Denmark"	Torben Beck Jørgensen		torben beck jørgensen
PA_PUB_0037831	PA_AUTH_0006729	https://openalex.org/W2030537285	ADMINSOC_openalex.tsv	Barry Bozeman (Barry Bozeman)	Barry Bozeman	Barry Bozeman	https://openalex.org/A5008083587	https://orcid.org/0000-0002-8084-3379	last	"DK, US"	University of Copenhagen ### ID: https://openalex.org/I124055696 ### ROR: https://ror.org/035b05819 ### Type: education || University of Georgia ### ID: https://openalex.org/I165733156 ### ROR: https://ror.org/00te3t702 ### Type: education	"The University of Georgia, Athens University of Copenhagen, Denmark,"	Barry Bozeman		barry bozeman
PA_PUB_0046681	PA_AUTH_0049519	https://openalex.org/W2111282195	ADMINSOC_openalex.tsv	Eva Sørensen (Eva Sørensen)	Eva Sørensen	Eva Sørensen	https://openalex.org/A5060969324	https://orcid.org/0000-0003-4845-9665	first	DK	Roskilde University ### ID: https://openalex.org/I107707843 ### ROR: https://ror.org/014axpa37 ### Type: education	"Roskilde University, Roskilde, Denmark"	Eva Sørensen		eva sørensen
PA_PUB_0046681	PA_AUTH_0071258	https://openalex.org/W2111282195	ADMINSOC_openalex.tsv	Jacob Torfing (Jacob Torfing)	Jacob Torfing	Jacob Torfing	https://openalex.org/A5087469637	https://orcid.org/0000-0002-9627-086X	last	DK	Roskilde University ### ID: https://openalex.org/I107707843 ### ROR: https://ror.org/014axpa37 ### Type: education	"Roskilde University, Roskilde, Denmark"	Jacob Torfing		jacob torfing
PA_PUB_0037121	PA_AUTH_0025248	https://openalex.org/W2063983969	ADMINSOC_openalex.tsv	Mirko Noordegraaf (Mirko Noordegraaf)	Mirko Noordegraaf	Mirko Noordegraaf	https://openalex.org/A5030969691	https://orcid.org/0000-0002-3445-8568	first	NL	Utrecht University ### ID: https://openalex.org/I193662353 ### ROR: https://ror.org/04pp8hn57 ### Type: education	"(University of Utrecht, Netherlands)"	Mirko Noordegraaf		mirko noordegraaf
PA_PUB_0062906	PA_AUTH_0071258	https://openalex.org/W2557276327	ADMINSOC_openalex.tsv	Jacob Torfing (Jacob Torfing)	Jacob Torfing	Jacob Torfing	https://openalex.org/A5087469637	https://orcid.org/0000-0002-9627-086X	first	"DK, NO"	Roskilde University ### ID: https://openalex.org/I107707843 ### ROR: https://ror.org/014axpa37 ### Type: education || Nord University ### ID: https://openalex.org/I2802079931 ### ROR: https://ror.org/030mwrt98 ### Type: education	"NORD University, Norway#TAB#Roskilde University, Denmark"	Jacob Torfing		jacob torfing
PA_PUB_0062906	PA_AUTH_0049519	https://openalex.org/W2557276327	ADMINSOC_openalex.tsv	Eva Sørensen (Eva Sørensen)	Eva Sørensen	Eva Sørensen	https://openalex.org/A5060969324	https://orcid.org/0000-0003-4845-9665	middle	"DK, NO"	Roskilde University ### ID: https://openalex.org/I107707843 ### ROR: https://ror.org/014axpa37 ### Type: education || Nord University ### ID: https://openalex.org/I2802079931 ### ROR: https://ror.org/030mwrt98 ### Type: education	"NORD University, Norway#TAB#Roskilde University, Denmark"	Eva Sørensen		eva sørensen
PA_PUB_0062906	PA_AUTH_0032364	https://openalex.org/W2557276327	ADMINSOC_openalex.tsv	Asbjørn Roiseland (Asbjørn Røiseland)	Asbjørn Roiseland	Asbjørn Røiseland	https://openalex.org/A5039754829	https://orcid.org/0000-0002-4282-9365	last	NO	Nord University ### ID: https://openalex.org/I2802079931 ### ROR: https://ror.org/030mwrt98 ### Type: education	"NORD University, Norway"	Asbjørn Roiseland		asbjørn roiseland
PA_PUB_0034295	PA_AUTH_0057815	https://openalex.org/W2134838822	ADMINSOC_openalex.tsv	Mark T. Imperial (Mark T. Imperial)	Mark T. Imperial	Mark T. Imperial	https://openalex.org/A5071151843	https://orcid.org/0000-0003-1665-9283	first	US	University of North Carolina Wilmington ### ID: https://openalex.org/I153901656 ### ROR: https://ror.org/02t0qr014 ### Type: education	"University of North Carolina at Wilmington,"	Mark T. Imperial		mark t. imperial
PA_PUB_0040059	PA_AUTH_0084748	https://openalex.org/W2098695055	ADMINSOC_openalex.tsv	Bradley E. Wright (Bradley E. Wright)	Bradley E. Wright	Bradley E. Wright	https://openalex.org/A5112724539		first	US	University of North Carolina at Charlotte ### ID: https://openalex.org/I102149020 ### ROR: https://ror.org/04dawnj30 ### Type: education	University of North Carolina at Charlotte*	Bradley E. Wright		bradley e. wright
PA_PUB_0040059	PA_AUTH_0054121	https://openalex.org/W2098695055	ADMINSOC_openalex.tsv	Sanjay K. Pandey (Sanjay K. Pandey)	Sanjay K. Pandey	Sanjay K. Pandey	https://openalex.org/A5066592812	https://orcid.org/0000-0003-1005-0274	last	US	University of Kansas ### ID: https://openalex.org/I146416000 ### ROR: https://ror.org/001tmjg57 ### Type: education	"University of Kansas, Lawrence"	Sanjay K. Pandey		sanjay k. pandey
PA_PUB_0038466	PA_AUTH_0006729	https://openalex.org/W2020184682	ADMINSOC_openalex.tsv	Barry Bozeman (Barry Bozeman)	Barry Bozeman	Barry Bozeman	https://openalex.org/A5008083587	https://orcid.org/0000-0002-8084-3379	first	US	University of Georgia ### ID: https://openalex.org/I165733156 ### ROR: https://ror.org/00te3t702 ### Type: education	University of Georgia - Athens	Barry Bozeman		barry bozeman
PA_PUB_0038466	PA_AUTH_0041727	https://openalex.org/W2020184682	ADMINSOC_openalex.tsv	Mary Feeney (Mary K. Feeney)	Mary Feeney	Mary K. Feeney	https://openalex.org/A5051274338	https://orcid.org/0000-0001-6850-1985	last	US	University of Georgia ### ID: https://openalex.org/I165733156 ### ROR: https://ror.org/00te3t702 ### Type: education	University of Georgia - Athens	Mary Feeney		mary feeney
PA_PUB_0016109	PA_AUTH_0025950	https://openalex.org/W2067065954	ADMINSOC_openalex.tsv	Paul R. Schulman (Paul R. Schulman)	Paul R. Schulman	Paul R. Schulman	https://openalex.org/A5031852346		first	US	Mills College ### ID: https://openalex.org/I91481961 ### ROR: https://ror.org/01ynb8e46 ### Type: education	Mills College	Paul R. Schulman		paul r. schulman
PA_PUB_0003873	PA_AUTH_0001912	https://openalex.org/W2103210126	ADMINSOC_openalex.tsv	Hal G. Rainey (Hal G. Rainey)	Hal G. Rainey	Hal G. Rainey	https://openalex.org/A5002219477		first	US	Florida State University ### ID: https://openalex.org/I103163165 ### ROR: https://ror.org/05g3dte14 ### Type: education	Florida State University	Hal G. Rainey		hal g. rainey
PA_PUB_0037088	PA_AUTH_0043575	https://openalex.org/W3125423880	ADMINSOC_openalex.tsv	Donald P. Moynihan (Donald P. Moynihan)	Donald P. Moynihan	Donald P. Moynihan	https://openalex.org/A5053572128	https://orcid.org/0000-0003-4097-6908	first	US	University of Wisconsin–Madison ### ID: https://openalex.org/I135310074 ### ROR: https://ror.org/01y2jtd41 ### Type: education	University of Wisconsin-Madison	Donald P. Moynihan		donald p. moynihan
PA_PUB_0037088	PA_AUTH_0054121	https://openalex.org/W3125423880	ADMINSOC_openalex.tsv	Sanjay K. Pandey (Sanjay K. Pandey)	Sanjay K. Pandey	Sanjay K. Pandey	https://openalex.org/A5066592812	https://orcid.org/0000-0003-1005-0274	last	US	University of Kansas ### ID: https://openalex.org/I146416000 ### ROR: https://ror.org/001tmjg57 ### Type: education	"The University of Kansas, Lawrence"	Sanjay K. Pandey		sanjay k. pandey
PA_PUB_0038497	PA_AUTH_0012005	https://openalex.org/W2155337604	ADMINSOC_openalex.tsv	Jurian Edelenbos (Jurian Edelenbos)	Jurian Edelenbos	Jurian Edelenbos	https://openalex.org/A5014566928	https://orcid.org/0000-0002-8070-4547	first	NL	Erasmus University Rotterdam ### ID: https://openalex.org/I913958620 ### ROR: https://ror.org/057w15z03 ### Type: education	"Erasmus University, Rotterdam, the Netherlands"	Jurian Edelenbos		jurian edelenbos
PA_PUB_0038497	PA_AUTH_0007206	https://openalex.org/W2155337604	ADMINSOC_openalex.tsv	Erik‐Hans Klijn (Erik-Hans Klijn)	Erik‐Hans Klijn	Erik-Hans Klijn	https://openalex.org/A5008602905	https://orcid.org/0000-0002-2121-6818	last	NL	Erasmus University Rotterdam ### ID: https://openalex.org/I913958620 ### ROR: https://ror.org/057w15z03 ### Type: education	"Erasmus University, Rotterdam, the Netherlands"	Erik-Hans Klijn		erik-hans klijn
PA_PUB_0045721	PA_AUTH_0007206	https://openalex.org/W2157221245	ADMINSOC_openalex.tsv	Erik‐Hans Klijn (Erik-Hans Klijn)	Erik‐Hans Klijn	Erik-Hans Klijn	https://openalex.org/A5008602905	https://orcid.org/0000-0002-2121-6818	first	NL	Erasmus University Rotterdam ### ID: https://openalex.org/I913958620 ### ROR: https://ror.org/057w15z03 ### Type: education	"Erasmus University, Rotterdam, Netherlands"	Erik-Hans Klijn		erik-hans klijn
PA_PUB_0045721	PA_AUTH_0012005	https://openalex.org/W2157221245	ADMINSOC_openalex.tsv	Jurian Edelenbos (Jurian Edelenbos)	Jurian Edelenbos	Jurian Edelenbos	https://openalex.org/A5014566928	https://orcid.org/0000-0002-8070-4547	middle	NL	Erasmus University Rotterdam ### ID: https://openalex.org/I913958620 ### ROR: https://ror.org/057w15z03 ### Type: education	"Erasmus University, Rotterdam, Netherlands"	Jurian Edelenbos		jurian edelenbos
PA_PUB_0045721	PA_AUTH_0016300	https://openalex.org/W2157221245	ADMINSOC_openalex.tsv	Bram Steijn (Bram Steijn)	Bram Steijn	Bram Steijn	https://openalex.org/A5019944396	https://orcid.org/0000-0001-7437-7503	last	NL	Erasmus University Rotterdam ### ID: https://openalex.org/I913958620 ### ROR: https://ror.org/057w15z03 ### Type: education	"Erasmus University, Rotterdam, Netherlands"	Bram Steijn		bram steijn
PA_PUB_0022268	PA_AUTH_0061481	https://openalex.org/W2130800658	ADMINSOC_openalex.tsv	Craig W. Thomas (Craig W. Thomas)	Craig W. Thomas	Craig W. Thomas	https://openalex.org/A5075632036	https://orcid.org/0000-0003-0530-8058	first	US	University of Massachusetts Amherst ### ID: https://openalex.org/I24603500 ### ROR: https://ror.org/0072zz521 ### Type: education	University of Massachusetts: Amherst#TAB#	Craig W. Thomas		craig w. thomas
PA_PUB_0029154	PA_AUTH_0021979	https://openalex.org/W2127001553	ADMINSOC_openalex.tsv	John Alford (John Alford)	John Alford	John Alford	https://openalex.org/A5026984273	https://orcid.org/0009-0006-0195-4414	first	AU	The University of Melbourne ### ID: https://openalex.org/I165779595 ### ROR: https://ror.org/01ej9dk98 ### Type: education	University of Melbourne	John Alford		john alford
PA_PUB_0060638	PA_AUTH_0014902	https://openalex.org/W2517280011	ADMINSOC_openalex.tsv	Ulrich Thy Jensen (Ulrich Thy Jensen)	Ulrich Thy Jensen	Ulrich Thy Jensen	https://openalex.org/A5018159252	https://orcid.org/0000-0002-6238-843X	first	US	Arizona State University ### ID: https://openalex.org/I55732556 ### ROR: https://ror.org/03efmqc40 ### Type: education	"Arizona State University, AZ, USA"	Ulrich Thy Jensen		ulrich thy jensen
PA_PUB_0060638	PA_AUTH_0069995	https://openalex.org/W2517280011	ADMINSOC_openalex.tsv	Lotte Bøgh Andersen (Lotte Bøgh Andersen)	Lotte Bøgh Andersen	Lotte Bøgh Andersen	https://openalex.org/A5086010166	https://orcid.org/0000-0002-1127-7561	middle	DK	Aarhus University ### ID: https://openalex.org/I204337017 ### ROR: https://ror.org/01aj84f44 ### Type: education	"Danish Institute for Local and Regional Government Research, Copenhagen, Denmark#TAB#Aarhus University, Denmark"	Lotte Bøgh Andersen		lotte bøgh andersen
PA_PUB_0060638	PA_AUTH_0087068	https://openalex.org/W2517280011	ADMINSOC_openalex.tsv	Louise Ladegaard Bro (Louise Ladegaard Bro)	Louise Ladegaard Bro	Louise Ladegaard Bro		https://orcid.org/0000-0002-4051-1492	middle	DK	Aarhus University ### ID: https://openalex.org/I204337017 ### ROR: https://ror.org/01aj84f44 ### Type: education	"Aarhus University, Denmark"	Louise Ladegaard Bro		louise ladegaard bro
PA_PUB_0060638	PA_AUTH_0009256	https://openalex.org/W2517280011	ADMINSOC_openalex.tsv	Anne Bøllingtoft (Anne Bøllingtoft)	Anne Bøllingtoft	Anne Bøllingtoft	https://openalex.org/A5011158894	https://orcid.org/0000-0003-0757-4173	middle	DK	Aarhus University ### ID: https://openalex.org/I204337017 ### ROR: https://ror.org/01aj84f44 ### Type: education	"Aarhus University, Denmark"	Anne Bøllingtoft		anne bøllingtoft
PA_PUB_0060638	PA_AUTH_0060505	https://openalex.org/W2517280011	ADMINSOC_openalex.tsv	Tine Louise Mundbjerg Eriksen (Tine Louise Mundbjerg Eriksen)	Tine Louise Mundbjerg Eriksen	Tine Louise Mundbjerg Eriksen	https://openalex.org/A5074430648	https://orcid.org/0000-0002-4462-2229	middle	DK	Aarhus University ### ID: https://openalex.org/I204337017 ### ROR: https://ror.org/01aj84f44 ### Type: education	"Aarhus University, Denmark"	Tine Louise Mundbjerg Eriksen		tine louise mundbjerg eriksen
PA_PUB_0060638	PA_AUTH_0068654	https://openalex.org/W2517280011	ADMINSOC_openalex.tsv	Ann‐Louise Holten (Ann-Louise Holten)	Ann‐Louise Holten	Ann-Louise Holten	https://openalex.org/A5084322023	https://orcid.org/0000-0002-6031-5843	middle	DK	University of Copenhagen ### ID: https://openalex.org/I124055696 ### ROR: https://ror.org/035b05819 ### Type: education	"University of Copenhagen, Denmark"	Ann-Louise Holten		ann-louise holten
PA_PUB_0060638	PA_AUTH_0052544	https://openalex.org/W2517280011	ADMINSOC_openalex.tsv	Christian Bøtcher Jacobsen (Christian Bøtcher Jacobsen)	Christian Bøtcher Jacobsen	Christian Bøtcher Jacobsen	https://openalex.org/A5064681508	https://orcid.org/0000-0002-9891-9191	middle	DK	Aarhus University ### ID: https://openalex.org/I204337017 ### ROR: https://ror.org/01aj84f44 ### Type: education	"Aarhus University, Denmark"	Christian Bøtcher Jacobsen		christian bøtcher jacobsen
PA_PUB_0060638	PA_AUTH_0039284	https://openalex.org/W2517280011	ADMINSOC_openalex.tsv	Jacob Ladenburg (Jacob Ladenburg)	Jacob Ladenburg	Jacob Ladenburg	https://openalex.org/A5048328663	https://orcid.org/0000-0002-1095-1534	middle			"Danish Institute for Local and Regional Government Research, Copenhagen, Denmark"	Jacob Ladenburg		jacob ladenburg
PA_PUB_0060638	PA_AUTH_0050288	https://openalex.org/W2517280011	ADMINSOC_openalex.tsv	Poul Aaes Nielsen (Poul Aaes Nielsen)	Poul Aaes Nielsen	Poul Aaes Nielsen	https://openalex.org/A5061890779	https://orcid.org/0000-0003-1770-1113	middle	DK	University of Southern Denmark ### ID: https://openalex.org/I177969490 ### ROR: https://ror.org/03yrrjy16 ### Type: education	"University of Southern Denmark, Odense, Denmark"	Poul Aaes Nielsen		poul aaes nielsen
PA_PUB_0060638	PA_AUTH_0051652	https://openalex.org/W2517280011	ADMINSOC_openalex.tsv	Heidi Houlberg Salomonsen (Heidi Houlberg Salomonsen)	Heidi Houlberg Salomonsen	Heidi Houlberg Salomonsen	https://openalex.org/A5063582019	https://orcid.org/0000-0002-2002-6801	middle	DK	Aalborg University ### ID: https://openalex.org/I891191580 ### ROR: https://ror.org/04m5j1k67 ### Type: education	"Aalborg University, Denmark"	Heidi Houlberg Salomonsen		heidi houlberg salomonsen
PA_PUB_0060638	PA_AUTH_0085294	https://openalex.org/W2517280011	ADMINSOC_openalex.tsv	Niels Westergård‐Nielsen (Niels Westergård-Nielsen)	Niels Westergård‐Nielsen	Niels Westergård-Nielsen	https://openalex.org/A5113517165		middle	DK	Copenhagen Business School ### ID: https://openalex.org/I180519160 ### ROR: https://ror.org/04sppb023 ### Type: education	"Copenhagen Business School, Denmark"	Niels Westergård-Nielsen		niels westergård-nielsen
PA_PUB_0060638	PA_AUTH_0007556	https://openalex.org/W2517280011	ADMINSOC_openalex.tsv	Allan Würtz (Allan Würtz)	Allan Würtz	Allan Würtz	https://openalex.org/A5009036656		last	DK	Aarhus University ### ID: https://openalex.org/I204337017 ### ROR: https://ror.org/01aj84f44 ### Type: education	"Aarhus University, Denmark"	Allan Würtz		allan würtz
PA_PUB_0052328	PA_AUTH_0059770	https://openalex.org/W2170514205	ADMINSOC_openalex.tsv	C.J.A.M. Termeer (Catrien J. A. M. Termeer)	C.J.A.M. Termeer	Catrien J. A. M. Termeer	https://openalex.org/A5073518178	https://orcid.org/0000-0001-7396-1476	first	NL	Wageningen University & Research ### ID: https://openalex.org/I913481162 ### ROR: https://ror.org/04qw24q55 ### Type: education	"Wageningen University, Netherlands"	C.J.A.M. Termeer		c.j.a.m. termeer
PA_PUB_0052328	PA_AUTH_0034523	https://openalex.org/W2170514205	ADMINSOC_openalex.tsv	Art Dewulf (Art Dewulf)	Art Dewulf	Art Dewulf	https://openalex.org/A5042495356	https://orcid.org/0000-0002-4171-7644	middle	NL	Wageningen University & Research ### ID: https://openalex.org/I913481162 ### ROR: https://ror.org/04qw24q55 ### Type: education	"Wageningen University, Netherlands"	Art Dewulf		art dewulf
PA_PUB_0052328	PA_AUTH_0065160	https://openalex.org/W2170514205	ADMINSOC_openalex.tsv	G.E. Breeman (Gerard Breeman)	G.E. Breeman	Gerard Breeman	https://openalex.org/A5080131973	https://orcid.org/0000-0001-9735-4689	middle	NL	Wageningen University & Research ### ID: https://openalex.org/I913481162 ### ROR: https://ror.org/04qw24q55 ### Type: education	"Wageningen University, Netherlands"	G.E. Breeman		g.e. breeman
PA_PUB_0052328	PA_AUTH_0055631	https://openalex.org/W2170514205	ADMINSOC_openalex.tsv	Sabina Stiller (Sabina J. Stiller)	Sabina Stiller	Sabina J. Stiller	https://openalex.org/A5068465487		last	NL	Wageningen University & Research ### ID: https://openalex.org/I913481162 ### ROR: https://ror.org/04qw24q55 ### Type: education	"Wageningen University, Netherlands"	Sabina Stiller		sabina stiller
PA_PUB_0015288	PA_AUTH_0054141	https://openalex.org/W2025990391	ADMINSOC_openalex.tsv	Paul ‘t Hart (Paul 't Hart)	Paul ‘t Hart	Paul 't Hart	https://openalex.org/A5066617319	https://orcid.org/0000-0003-1454-0932	first	NL	Leiden University ### ID: https://openalex.org/I121797337 ### ROR: https://ror.org/027bh9e22 ### Type: education	"University of Leiden, the Netherlands."	Paul ‘t Hart		paul ‘t hart
PA_PUB_0015288	PA_AUTH_0026688	https://openalex.org/W2025990391	ADMINSOC_openalex.tsv	Uriel Rosenthal (Uriel Rosenthal)	Uriel Rosenthal	Uriel Rosenthal	https://openalex.org/A5032752343		middle	NL	Netherlands School of Public Administration ### ID: https://openalex.org/I4210134196 ### ROR: https://ror.org/033958n71 ### Type: education	"University of Leiden, the Netherlands, Netherlands School of Government"	Uriel Rosenthal		uriel rosenthal
PA_PUB_0015288	PA_AUTH_0048075	https://openalex.org/W2025990391	ADMINSOC_openalex.tsv	Alexander Kouzmin (Alexander Kouzmin)	Alexander Kouzmin	Alexander Kouzmin	https://openalex.org/A5059211933		last	AU	Nepean Hospital ### ID: https://openalex.org/I2801688508 ### ROR: https://ror.org/03vb6df93 ### Type: healthcare || Western Sydney University ### ID: https://openalex.org/I63525965 ### ROR: https://ror.org/03t52dk35 ### Type: education	"University of Western Sydney, Nepean"	Alexander Kouzmin		alexander kouzmin
PA_PUB_0066391	PA_AUTH_0017857	https://openalex.org/W2775995374	ADMINSOC_openalex.tsv	Christopher Ansell (Chris Ansell)	Christopher Ansell	Chris Ansell	https://openalex.org/A5021817508	https://orcid.org/0000-0002-7723-1283	first	US	"University of California, Berkeley ### ID: https://openalex.org/I95457486 ### ROR: https://ror.org/01an7q238 ### Type: education"	"University of California, Berkeley, CA, USA"	Christopher Ansell		christopher ansell
PA_PUB_0066391	PA_AUTH_0066158	https://openalex.org/W2775995374	ADMINSOC_openalex.tsv	Arjen Boin (Arjen Boin)	Arjen Boin	Arjen Boin	https://openalex.org/A5081367804	https://orcid.org/0000-0002-0923-1484	last	NL	Leiden University ### ID: https://openalex.org/I121797337 ### ROR: https://ror.org/027bh9e22 ### Type: education	"Universiteit Leiden, Leiden, Netherlands"	Arjen Boin		arjen boin
PA_PUB_0032129	PA_AUTH_0044734	https://openalex.org/W2162783384	ADMINSOC_openalex.tsv	Maarten A. Hajer (Maarten A. Hajer)	Maarten A. Hajer	Maarten A. Hajer	https://openalex.org/A5055032163	https://orcid.org/0000-0001-9212-645X	first	NL	University of Amsterdam ### ID: https://openalex.org/I887064364 ### ROR: https://ror.org/04dkp9463 ### Type: education	University of Amsterdam	Maarten A. Hajer		maarten a. hajer
PA_PUB_0019067	PA_AUTH_0007206	https://openalex.org/W2055597911	ADMINSOC_openalex.tsv	Erik‐Hans Klijn (Erik hans Klijn)	Erik‐Hans Klijn	Erik hans Klijn	https://openalex.org/A5008602905	https://orcid.org/0000-0002-2121-6818	first	NL	Erasmus University Rotterdam ### ID: https://openalex.org/I913958620 ### ROR: https://ror.org/057w15z03 ### Type: education	Erasmus University of Rotterdam	Erik-Hans Klijn		erik-hans klijn
PA_PUB_0045056	PA_AUTH_0077912	https://openalex.org/W2047324863	ADMINSOC_openalex.tsv	Daniel Béland (Daniel Béland)	Daniel Béland	Daniel Béland	https://openalex.org/A5102707107	https://orcid.org/0000-0003-2756-5629	first	CA	University of Saskatchewan ### ID: https://openalex.org/I32625721 ### ROR: https://ror.org/010x8gc63 ### Type: education	"University of Saskatchewan, Saskatoon, Canada"	Daniel Béland		daniel béland
PA_PUB_0011396	PA_AUTH_0003750	https://openalex.org/W1983290795	ADMINSOC_openalex.tsv	Sandra Waddock (Sandra A. Waddock)	Sandra Waddock	Sandra A. Waddock	https://openalex.org/A5004388635	https://orcid.org/0000-0003-1089-7686	first	US	Boston College ### ID: https://openalex.org/I103531236 ### ROR: https://ror.org/02n2fzt79 ### Type: education	Boston College	Sandra Waddock		sandra waddock
PA_PUB_0027865	PA_AUTH_0024003	https://openalex.org/W2082113915	ADMINSOC_openalex.tsv	Todd M. La Porte (Todd M. la Porte)	Todd M. La Porte	Todd M. la Porte	https://openalex.org/A5029466485		first	US	George Mason University ### ID: https://openalex.org/I162714631 ### ROR: https://ror.org/02jqj7156 ### Type: education	George Mason University	Todd M. La Porte		todd m. la porte
PA_PUB_0027865	PA_AUTH_0083336	https://openalex.org/W2082113915	ADMINSOC_openalex.tsv	Chris C. Demchak (Chris C. Demchak)	Chris C. Demchak	Chris C. Demchak	https://openalex.org/A5111456612		middle	US	University of Arizona ### ID: https://openalex.org/I138006243 ### ROR: https://ror.org/03m2x1q45 ### Type: education	University of Arizona	Chris C. Demchak		chris c. demchak
PA_PUB_0027865	PA_AUTH_0087115	https://openalex.org/W2082113915	ADMINSOC_openalex.tsv	Martin de Jong (Martin de Jong)	Martin de Jong	Martin de Jong		https://orcid.org/0000-0001-6554-2458	last	"CA, RU"	Institute on Governance ### ID: https://openalex.org/I1292020679 ### ROR: https://ror.org/00ppf7x29 ### Type: nonprofit || University of Technology ### ID: https://openalex.org/I4210134318 ### ROR: https://ror.org/03gbw6p94 ### Type: education	Organisation and Governance#TAB#University of Technology	Martin de Jong		martin de jong
PA_PUB_0024817	PA_AUTH_0002747	https://openalex.org/W2097390554	ADMINSOC_openalex.tsv	Thomas Webler (Thomas Webler)	Thomas Webler	Thomas Webler	https://openalex.org/A5003218937	https://orcid.org/0000-0003-4165-0889	first	US	Social and Environmental Research Institute ### ID: https://openalex.org/I4210148514 ### ROR: https://ror.org/04vv3qe07 ### Type: facility	Social and Environmental Research Institute	Thomas Webler		thomas webler
PA_PUB_0024817	PA_AUTH_0062888	https://openalex.org/W2097390554	ADMINSOC_openalex.tsv	Seth Tuler (Seth Tuler)	Seth Tuler	Seth Tuler	https://openalex.org/A5077343912	https://orcid.org/0009-0004-3930-1107	last	US	Social and Environmental Research Institute ### ID: https://openalex.org/I4210148514 ### ROR: https://ror.org/04vv3qe07 ### Type: facility	Social and Environmental Research Institute	Seth Tuler		seth tuler
PA_PUB_0057066	PA_AUTH_0002039	https://openalex.org/W2135317121	ADMINSOC_openalex.tsv	Patricia Bromley (Patricia Bromley)	Patricia Bromley	Patricia Bromley	https://openalex.org/A5002366164	https://orcid.org/0000-0001-8345-4355	first	US	University of Utah ### ID: https://openalex.org/I223532165 ### ROR: https://ror.org/03r0ha626 ### Type: education	"1University of Utah, Salt Lake City, USA"	Patricia Bromley		patricia bromley
PA_PUB_0057066	PA_AUTH_0071453	https://openalex.org/W2135317121	ADMINSOC_openalex.tsv	John W. Meyer (John W. Meyer)	John W. Meyer	John W. Meyer	https://openalex.org/A5087738695	https://orcid.org/0000-0001-5581-9038	last	US	Stanford University ### ID: https://openalex.org/I97018004 ### ROR: https://ror.org/00f54p054 ### Type: education	"#N#2Stanford University, CA, USA"	John W. Meyer		john w. meyer
PA_PUB_0037163	PA_AUTH_0034355	https://openalex.org/W2144507877	ADMINSOC_openalex.tsv	Charo Rodríguez (Charo Rodríguez)	Charo Rodríguez	Charo Rodríguez	https://openalex.org/A5042278842	https://orcid.org/0000-0003-3799-8399	first	CA	McGill University ### ID: https://openalex.org/I5023651 ### ROR: https://ror.org/01pxwe438 ### Type: education	"McGill University, Montréal, Québec, Canada"	Charo Rodríguez		charo rodríguez
PA_PUB_0037163	PA_AUTH_0048000	https://openalex.org/W2144507877	ADMINSOC_openalex.tsv	Ann Langley (Ann Langley)	Ann Langley	Ann Langley	https://openalex.org/A5059129402	https://orcid.org/0000-0003-3666-328X	middle	CA	HEC Montréal ### ID: https://openalex.org/I108192572 ### ROR: https://ror.org/05ww3wq27 ### Type: education	"HEC, Montréal, Québec, Canada"	Ann Langley		ann langley
PA_PUB_0037163	PA_AUTH_0063248	https://openalex.org/W2144507877	ADMINSOC_openalex.tsv	François Béland (François Béland)	François Béland	François Béland	https://openalex.org/A5077835749	https://orcid.org/0000-0002-2031-3317	middle	CA	Université de Montréal ### ID: https://openalex.org/I70931966 ### ROR: https://ror.org/0161xgx34 ### Type: education	"Université de Montréal, Québec, Canada"	François Béland		françois béland
PA_PUB_0037163	PA_AUTH_0014735	https://openalex.org/W2144507877	ADMINSOC_openalex.tsv	Jean‐Louis Denis (Jean-Louis Denis)	Jean‐Louis Denis	Jean-Louis Denis	https://openalex.org/A5017970648	https://orcid.org/0000-0003-1295-332X	last	CA	Université de Montréal ### ID: https://openalex.org/I70931966 ### ROR: https://ror.org/0161xgx34 ### Type: education	"Université de Montréal, Québec, Canada"	Jean-Louis Denis		jean-louis denis
PA_PUB_0036072	PA_AUTH_0021726	https://openalex.org/W2120396238	ADMINSOC_openalex.tsv	Naim Kapucu (Naim Kapucu)	Naim Kapucu	Naim Kapucu	https://openalex.org/A5026672787	https://orcid.org/0000-0001-6163-5948	first	US	University of Central Florida ### ID: https://openalex.org/I106165777 ### ROR: https://ror.org/036nfer12 ### Type: education	UNIVERSITY OF CENTRAL FLORIDA#TAB#University of Central Florida	Naim Kapucu		naim kapucu
PA_PUB_0036072	PA_AUTH_0039236	https://openalex.org/W2120396238	ADMINSOC_openalex.tsv	Montgomery Van Wart (Montgomery Van Wart)	Montgomery Van Wart	Montgomery Van Wart	https://openalex.org/A5048267848	https://orcid.org/0000-0001-9243-4479	last	US	"California State University, San Bernardino ### ID: https://openalex.org/I43369023 ### ROR: https://ror.org/02n651896 ### Type: education"	"California State University, San Bernardino"	Montgomery Van Wart		montgomery van wart
PA_PUB_0034136	PA_AUTH_0087498	https://openalex.org/W2121005710	ADMINSOC_openalex.tsv	Seok-Eun Kim (Seok-Eun Kim)	Seok-Eun Kim	Seok-Eun Kim			first	US	Kansas State University ### ID: https://openalex.org/I189590672 ### ROR: https://ror.org/05p1j8758 ### Type: education	DEPARTMENT OF PUBLIC ADMINISTRATION#TAB#Kansas State University	Seok-Eun Kim		seok-eun kim
PA_PUB_0044118	PA_AUTH_0021726	https://openalex.org/W2140403563	ADMINSOC_openalex.tsv	Naim Kapucu (Naim Kapucu)	Naim Kapucu	Naim Kapucu	https://openalex.org/A5026672787	https://orcid.org/0000-0001-6163-5948	first	US	University of Central Florida ### ID: https://openalex.org/I106165777 ### ROR: https://ror.org/036nfer12 ### Type: education	University of Central Florida [Orlando]	Naim Kapucu		naim kapucu
PA_PUB_0044118	PA_AUTH_0011653	https://openalex.org/W2140403563	ADMINSOC_openalex.tsv	Tolga Arslan (Tolga Arslan)	Tolga Arslan	Tolga Arslan	https://openalex.org/A5014130241	https://orcid.org/0000-0002-3899-7323	middle	US	University of Georgia ### ID: https://openalex.org/I165733156 ### ROR: https://ror.org/00te3t702 ### Type: education	University of Georgia - Athens	Tolga Arslan		tolga arslan
PA_PUB_0044118	PA_AUTH_0056521	https://openalex.org/W2140403563	ADMINSOC_openalex.tsv	Matthew Collins (Matthew Lloyd Collins)	Matthew Collins	Matthew Lloyd Collins	https://openalex.org/A5069536480	https://orcid.org/0000-0001-7458-3593	last	US	Walden University ### ID: https://openalex.org/I80046288 ### ROR: https://ror.org/02qp2hh41 ### Type: education	"Walden University, Naples, Florida"	Matthew Collins		matthew collins
PA_PUB_0023934	PA_AUTH_0079094	https://openalex.org/W2170423043	ADMINSOC_openalex.tsv	Melissa M. Stone (Melissa M. Stone)	Melissa M. Stone	Melissa M. Stone	https://openalex.org/A5103539448		first	US	University of Minnesota System ### ID: https://openalex.org/I2800403580 ### ROR: https://ror.org/03grvy078 ### Type: education	University of Minnesota	Melissa M. Stone		melissa m. stone
PA_PUB_0023934	PA_AUTH_0037947	https://openalex.org/W2170423043	ADMINSOC_openalex.tsv	Barbara Bigelow (Barbara Bigelow)	Barbara Bigelow	Barbara Bigelow	https://openalex.org/A5046690838		middle	US	Clark University ### ID: https://openalex.org/I130785548 ### ROR: https://ror.org/04123ky43 ### Type: education	Clark University	Barbara Bigelow		barbara bigelow
PA_PUB_0023934	PA_AUTH_0058537	https://openalex.org/W2170423043	ADMINSOC_openalex.tsv	William F. Crittenden (William Crittenden)	William F. Crittenden	William Crittenden	https://openalex.org/A5071989194		last	MX	Universidad del Noreste ### ID: https://openalex.org/I87182695 ### ROR: https://ror.org/02ahky613 ### Type: education	Northeastern University	William F. Crittenden		william f. crittenden
PA_PUB_0031622	PA_AUTH_0043575	https://openalex.org/W2065346370	ADMINSOC_openalex.tsv	Donald P. Moynihan (Donald P. Moynihan)	Donald P. Moynihan	Donald P. Moynihan	https://openalex.org/A5053572128	https://orcid.org/0000-0003-4097-6908	first	US	Mitchell Institute ### ID: https://openalex.org/I2801613365 ### ROR: https://ror.org/03ds72003 ### Type: nonprofit || Texas A&M University ### ID: https://openalex.org/I91045830 ### ROR: https://ror.org/01f5ytq51 ### Type: education	Texas A&M University	Donald P. Moynihan		donald p. moynihan
PA_PUB_0031622	PA_AUTH_0014908	https://openalex.org/W2065346370	ADMINSOC_openalex.tsv	Patricia W. Ingraham (Patricia Wallace Ingraham)	Patricia W. Ingraham	Patricia Wallace Ingraham	https://openalex.org/A5018170416		last	US	Syracuse University ### ID: https://openalex.org/I70983195 ### ROR: https://ror.org/025r5qe02 ### Type: education	syracuse University	Patricia W. Ingraham		patricia w. ingraham
PA_PUB_0034095	PA_AUTH_0018660	https://openalex.org/W2131839985	ADMINSOC_openalex.tsv	Ann L. Cunliffe (Ann L. Cunliffe)	Ann L. Cunliffe	Ann L. Cunliffe	https://openalex.org/A5022833355	https://orcid.org/0000-0001-9399-7716	first			University of New Mexico	Ann L. Cunliffe		ann l. cunliffe
PA_PUB_0034095	PA_AUTH_0085818	https://openalex.org/W2131839985	ADMINSOC_openalex.tsv	Jong Sup Jun (Jong S. Jun)	Jong Sup Jun	Jong S. Jun	https://openalex.org/A5113974166		last	US	California State University System ### ID: https://openalex.org/I127339247 ### ROR: https://ror.org/020qm1538 ### Type: education	"California State University, Hayward"	Jong Sup Jun		jong sup jun
PA_PUB_0039281	PA_AUTH_0028607	https://openalex.org/W2050397952	ADMINSOC_openalex.tsv	George A. Boyne (George A. Boyne)	George A. Boyne	George A. Boyne	https://openalex.org/A5035135766		first	GB	Cardiff University ### ID: https://openalex.org/I79510175 ### ROR: https://ror.org/03kk7td41 ### Type: education	"Cardiff University, Wales, UK,"	George A. Boyne		george a. boyne
PA_PUB_0039281	PA_AUTH_0043843	https://openalex.org/W2050397952	ADMINSOC_openalex.tsv	Kenneth J. Meier (Kenneth J. Meier)	Kenneth J. Meier	Kenneth J. Meier	https://openalex.org/A5053940388	https://orcid.org/0000-0002-6378-0855	last	US	Texas A&M University ### ID: https://openalex.org/I91045830 ### ROR: https://ror.org/01f5ytq51 ### Type: education	"Texas A&M University, College Station"	Kenneth J. Meier		kenneth j. meier
PA_PUB_0037826	PA_AUTH_0054080	https://openalex.org/W2129798764	ADMINSOC_openalex.tsv	David Coursey (David H. Coursey)	David Coursey	David H. Coursey	https://openalex.org/A5066538484		first	US	Arizona State University ### ID: https://openalex.org/I55732556 ### ROR: https://ror.org/03efmqc40 ### Type: education	"School of Urban & Public Affairs#TAB#Arizona State University, Tempe"	David Coursey		david coursey
PA_PUB_0037826	PA_AUTH_0054121	https://openalex.org/W2129798764	ADMINSOC_openalex.tsv	Sanjay K. Pandey (Sanjay K. Pandey)	Sanjay K. Pandey	Sanjay K. Pandey	https://openalex.org/A5066592812	https://orcid.org/0000-0003-1005-0274	last	US	University of Kansas ### ID: https://openalex.org/I146416000 ### ROR: https://ror.org/001tmjg57 ### Type: education	"University of Kansas, Lawrence"	Sanjay K. Pandey		sanjay k. pandey
PA_PUB_0014951	PA_AUTH_0082156	https://openalex.org/W1979595433	ADMINSOC_openalex.tsv	David G. Carnevale (David G. Carnevale)	David G. Carnevale	David G. Carnevale	https://openalex.org/A5110163296		first	US	University of Oklahoma ### ID: https://openalex.org/I8692664 ### ROR: https://ror.org/02aqsxs83 ### Type: education	University of Oklahoma	David G. Carnevale		david g. carnevale
PA_PUB_0014951	PA_AUTH_0011012	https://openalex.org/W1979595433	ADMINSOC_openalex.tsv	Barton Wechsler (Barton Wechsler)	Barton Wechsler	Barton Wechsler	https://openalex.org/A5013330681		last	US	Florida State University ### ID: https://openalex.org/I103163165 ### ROR: https://ror.org/05g3dte14 ### Type: education	Florida State University	Barton Wechsler		barton wechsler
PA_PUB_0030508	PA_AUTH_0062181	https://openalex.org/W2158819255	ADMINSOC_openalex.tsv	Patricia M. Shields (Patricia M. Shields)	Patricia M. Shields	Patricia M. Shields	https://openalex.org/A5076478857	https://orcid.org/0000-0002-0960-4869	first			Texas State University	Patricia M. Shields		patricia m. shields
PA_PUB_0050713	PA_AUTH_0062979	https://openalex.org/W2009399369	ADMINSOC_openalex.tsv	Michael Howlett (Michael Howlett)	Michael Howlett	Michael Howlett	https://openalex.org/A5077475073	https://orcid.org/0000-0003-4689-740X	first	CA	Simon Fraser University ### ID: https://openalex.org/I18014758 ### ROR: https://ror.org/0213rcc28 ### Type: education	"1Simon Fraser University, Burnaby, British Columbia, Canada"	Michael Howlett		michael howlett
PA_PUB_0050713	PA_AUTH_0025486	https://openalex.org/W2009399369	ADMINSOC_openalex.tsv	Raul P. Lejano (Raul P. Lejano)	Raul P. Lejano	Raul P. Lejano	https://openalex.org/A5031267094	https://orcid.org/0000-0001-6949-7252	last	"HK, US"	"University of Hong Kong ### ID: https://openalex.org/I889458895 ### ROR: https://ror.org/02zhqgq86 ### Type: education || University of California, Irvine ### ID: https://openalex.org/I204250578 ### ROR: https://ror.org/04gyf1771 ### Type: education"	"#N# 3University of Hong Kong, Hong Kong#TAB##N# 2University of California, Irvine, USA"	Raul P. Lejano		raul p. lejano
PA_PUB_0012644	PA_AUTH_0003750	https://openalex.org/W2161227117	ADMINSOC_openalex.tsv	Sandra Waddock (Sandra A. Waddock)	Sandra Waddock	Sandra A. Waddock	https://openalex.org/A5004388635	https://orcid.org/0000-0003-1089-7686	first	US	Boston College ### ID: https://openalex.org/I103531236 ### ROR: https://ror.org/02n2fzt79 ### Type: education	Boston College	Sandra Waddock		sandra waddock
PA_PUB_0055039	PA_AUTH_0024133	https://openalex.org/W2325292504	ADMINSOC_openalex.tsv	Enrique Bonsón Ponte (Enrique Bonsón)	Enrique Bonsón Ponte	Enrique Bonsón	https://openalex.org/A5029611417	https://orcid.org/0000-0002-1502-6073	first	ES	Universidad de Huelva ### ID: https://openalex.org/I78880903 ### ROR: https://ror.org/03a1kt624 ### Type: education	"Universidad de Huelva, Spain"	Enrique Bonsón Ponte		enrique bonsón ponte
PA_PUB_0055039	PA_AUTH_0057707	https://openalex.org/W2325292504	ADMINSOC_openalex.tsv	Sonia Royo (Sonia Royo)	Sonia Royo	Sonia Royo	https://openalex.org/A5071025761	https://orcid.org/0000-0001-5162-1446	middle	ES	Universidad de Zaragoza ### ID: https://openalex.org/I255234318 ### ROR: https://ror.org/012a91z28 ### Type: education	"Universidad de Zaragoza, Spain"	Sonia Royo		sonia royo
PA_PUB_0055039	PA_AUTH_0029026	https://openalex.org/W2325292504	ADMINSOC_openalex.tsv	Melinda Ratkai (Melinda Ratkai)	Melinda Ratkai	Melinda Ratkai	https://openalex.org/A5035610510	https://orcid.org/0000-0002-3916-8519	last	ES	Universidad de Huelva ### ID: https://openalex.org/I78880903 ### ROR: https://ror.org/03a1kt624 ### Type: education	"Universidad de Huelva, Spain"	Melinda Ratkai		melinda ratkai
PA_PUB_0053146	PA_AUTH_0025248	https://openalex.org/W2016465207	ADMINSOC_openalex.tsv	Mirko Noordegraaf (Mirko Noordegraaf)	Mirko Noordegraaf	Mirko Noordegraaf	https://openalex.org/A5030969691	https://orcid.org/0000-0002-3445-8568	first	NL	Altrecht GGZ ### ID: https://openalex.org/I4210154893 ### ROR: https://ror.org/050jqep38 ### Type: healthcare || Utrecht University ### ID: https://openalex.org/I193662353 ### ROR: https://ror.org/04pp8hn57 ### Type: education	"#N# 1Utrecht University, Netherlands"	Mirko Noordegraaf		mirko noordegraaf
PA_PUB_0054640	PA_AUTH_0055495	https://openalex.org/W1972473944	ADMINSOC_openalex.tsv	Gjalt de Graaf (Gjalt de Graaf)	Gjalt de Graaf	Gjalt de Graaf	https://openalex.org/A5068296853	https://orcid.org/0000-0002-7819-8972	first			"#N# 1VU University, Amsterdam, the Netherlands"	Gjalt de Graaf		gjalt de graaf
PA_PUB_0054640	PA_AUTH_0037010	https://openalex.org/W1972473944	ADMINSOC_openalex.tsv	L.W.J.C. Huberts (Leo Huberts)	L.W.J.C. Huberts	Leo Huberts	https://openalex.org/A5045507185	https://orcid.org/0000-0002-6025-4286	middle			"#N# 1VU University, Amsterdam, the Netherlands"	L.W.J.C. Huberts		l.w.j.c. huberts
PA_PUB_0054640	PA_AUTH_0007215	https://openalex.org/W1972473944	ADMINSOC_openalex.tsv	Remco Smulders (Remco Smulders)	Remco Smulders	Remco Smulders	https://openalex.org/A5008615316		last			"#N# 1VU University, Amsterdam, the Netherlands"	Remco Smulders		remco smulders
PA_PUB_0060183	PA_AUTH_0016866	https://openalex.org/W2309566458	ADMINSOC_openalex.tsv	Sebawit G. Bishu (Sebawit G. Bishu)	Sebawit G. Bishu	Sebawit G. Bishu	https://openalex.org/A5020629618	https://orcid.org/0000-0002-7157-7769	first	US	Florida International University ### ID: https://openalex.org/I19700959 ### ROR: https://ror.org/02gz6gg07 ### Type: education	"Florida International University, Miami, USA"	Sebawit G. Bishu		sebawit g. bishu
PA_PUB_0060183	PA_AUTH_0011415	https://openalex.org/W2309566458	ADMINSOC_openalex.tsv	Mohamad G. Alkadry (Mohamad G. Alkadry)	Mohamad G. Alkadry	Mohamad G. Alkadry	https://openalex.org/A5013812130	https://orcid.org/0000-0001-6067-7062	last	US	Florida International University ### ID: https://openalex.org/I19700959 ### ROR: https://ror.org/02gz6gg07 ### Type: education	"Florida International University, Miami, USA"	Mohamad G. Alkadry		mohamad g. alkadry
PA_PUB_0054392	PA_AUTH_0008096	https://openalex.org/W1997999936	ADMINSOC_openalex.tsv	Kevin C. Desouza (Kevin C. Desouza)	Kevin C. Desouza	Kevin C. Desouza	https://openalex.org/A5009706429	https://orcid.org/0000-0002-4734-3081	first	US	Arizona State University ### ID: https://openalex.org/I55732556 ### ROR: https://ror.org/03efmqc40 ### Type: education || Phoenix (United States) ### ID: https://openalex.org/I4210104856 ### ROR: https://ror.org/01ggenr10 ### Type: company	"#N# 1Arizona State University, Phoenix, AZ, USA"	Kevin C. Desouza		kevin c. desouza
PA_PUB_0054392	PA_AUTH_0045269	https://openalex.org/W1997999936	ADMINSOC_openalex.tsv	Benoy Jacob (Benoy Jacob)	Benoy Jacob	Benoy Jacob	https://openalex.org/A5055681851	https://orcid.org/0000-0002-6521-2472	last	US	University of Colorado Denver ### ID: https://openalex.org/I921990950 ### ROR: https://ror.org/02hh7en24 ### Type: education	"#N# 2University of Colorado, Denver, CO, USA"	Benoy Jacob		benoy jacob
PA_PUB_0020794	PA_AUTH_0081684	https://openalex.org/W2141070593	ADMINSOC_openalex.tsv	Laurence J. O’Toole (Laurence J. O'Toole)	Laurence J. O’Toole	Laurence J. O'Toole	https://openalex.org/A5109808793		first			"University of Georgia,"	Laurence J. O’Toole		laurence j. o’toole
PA_PUB_0045777	PA_AUTH_0010138	https://openalex.org/W2003475109	ADMINSOC_openalex.tsv	Lori A. Brainard (Lori A. Brainard)	Lori A. Brainard	Lori A. Brainard	https://openalex.org/A5012284849		first	US	George Washington University ### ID: https://openalex.org/I193531525 ### ROR: https://ror.org/00y4zzh67 ### Type: education	"The George Washington University, Washington, D. C.,"	Lori A. Brainard		lori a. brainard
PA_PUB_0045777	PA_AUTH_0062943	https://openalex.org/W2003475109	ADMINSOC_openalex.tsv	John G. McNutt (John G. McNutt)	John G. McNutt	John G. McNutt	https://openalex.org/A5077426702	https://orcid.org/0000-0002-5172-9163	last	US	University of Delaware ### ID: https://openalex.org/I86501945 ### ROR: https://ror.org/01sbq1a82 ### Type: education	"University of Delaware, Newark"	John G. McNutt		john g. mcnutt
