publication_ID	author_ID	OpenAlex_Author_ID	author_name_display_clean	author_name_full	Institution	OpenAlex_Institution_ID	ROR	Type	Affiliation	Second_Institution	Second_OpenAlex_Institution_ID	Second_ROR	Second_Type	Second_Affiliation	Third_Institution	Third_OpenAlex_Institution_ID	Third_ROR	Third_Type	Third_Affiliation	Fourth_Institution	Fourth_OpenAlex_Institution_ID	Fourth_ROR	Fourth_Type	Fourth_Affiliation	Fifth_Institution	Fifth_OpenAlex_Institution_ID	Fifth_ROR	Fifth_Type	Fifth_Affiliation	Sixth_Institution	Sixth_OpenAlex_Institution_ID	Sixth_ROR	Sixth_Type	Sixth_Affiliation	Seventh_Institution	Seventh_OpenAlex_Institution_ID	Seventh_ROR	Seventh_Type	Seventh_Affiliation	Eighth_Institution	Eighth_OpenAlex_Institution_ID	Eighth_ROR	Eighth_Type	Eighth_Affiliation	Ninth_Institution	Ninth_OpenAlex_Institution_ID	Ninth_ROR	Ninth_Type	Ninth_Affiliation	Tenth_Institution	Tenth_OpenAlex_Institution_ID	Tenth_ROR	Tenth_Type	Tenth_Affiliation	Eleventh_Institution	Eleventh_OpenAlex_Institution_ID	Eleventh_ROR	Eleventh_Type	Eleventh_Affiliation	Twelfth_Institution	Twelfth_OpenAlex_Institution_ID	Twelfth_ROR	Twelfth_Type	Twelfth_Affiliation	Thirteenth_Institution	Thirteenth_OpenAlex_Institution_ID	Thirteenth_ROR	Thirteenth_Type	Thirteenth_Affiliation	Fourteenth_Institution	Fourteenth_OpenAlex_Institution_ID	Fourteenth_ROR	Fourteenth_Type	Fourteenth_Affiliation
PA_PUB_0053931	PA_AUTH_0029611	https://openalex.org/A5036363269	Brian Head	Brian Head (Brian W. Head)	The University of Queensland	https://openalex.org/I165143802	https://ror.org/00rqy9422	education	"University of Queensland, St Lucia, Australia"																																																																	
PA_PUB_0053931	PA_AUTH_0021979	https://openalex.org/A5026984273	John Alford	John Alford (John Alford)	Australia and New Zealand School of Government	https://openalex.org/I40676200	https://ror.org/04k2gzh89	education	"University of Melbourne, Victoria, Australia"	The University of Melbourne	https://openalex.org/I165779595	https://ror.org/01ej9dk98	education	"The Australia and New Zealand School of Government, Victoria, Australia"																																																												
PA_PUB_0037831	PA_AUTH_0079537	https://openalex.org/A5104105895	Torben Beck Jørgensen	Torben Beck Jørgensen (Torben Beck Jørgensen)	University of Copenhagen	https://openalex.org/I124055696	https://ror.org/035b05819	education	"University of Copenhagen, Denmark"																																																																	
PA_PUB_0037831	PA_AUTH_0006729	https://openalex.org/A5008083587	Barry Bozeman	Barry Bozeman (Barry Bozeman)	University of Copenhagen	https://openalex.org/I124055696	https://ror.org/035b05819	education	"The University of Georgia, Athens University of Copenhagen, Denmark,"	University of Georgia	https://openalex.org/I165733156	https://ror.org/00te3t702	education																																																													
PA_PUB_0046681	PA_AUTH_0049519	https://openalex.org/A5060969324	Eva Sørensen	Eva Sørensen (Eva Sørensen)	Roskilde University	https://openalex.org/I107707843	https://ror.org/014axpa37	education	"Roskilde University, Roskilde, Denmark"																																																																	
PA_PUB_0046681	PA_AUTH_0071258	https://openalex.org/A5087469637	Jacob Torfing	Jacob Torfing (Jacob Torfing)	Roskilde University	https://openalex.org/I107707843	https://ror.org/014axpa37	education	"Roskilde University, Roskilde, Denmark"																																																																	
PA_PUB_0037121	PA_AUTH_0025248	https://openalex.org/A5030969691	Mirko Noordegraaf	Mirko Noordegraaf (Mirko Noordegraaf)	Utrecht University	https://openalex.org/I193662353	https://ror.org/04pp8hn57	education	"(University of Utrecht, Netherlands)"																																																																	
PA_PUB_0062906	PA_AUTH_0071258	https://openalex.org/A5087469637	Jacob Torfing	Jacob Torfing (Jacob Torfing)	Roskilde University	https://openalex.org/I107707843	https://ror.org/014axpa37	education	"NORD University, Norway"	Nord University	https://openalex.org/I2802079931	https://ror.org/030mwrt98	education	"Roskilde University, Denmark"																																																												
PA_PUB_0062906	PA_AUTH_0049519	https://openalex.org/A5060969324	Eva Sørensen	Eva Sørensen (Eva Sørensen)	Roskilde University	https://openalex.org/I107707843	https://ror.org/014axpa37	education	"NORD University, Norway"	Nord University	https://openalex.org/I2802079931	https://ror.org/030mwrt98	education	"Roskilde University, Denmark"																																																												
PA_PUB_0062906	PA_AUTH_0032364	https://openalex.org/A5039754829	Asbjørn Roiseland	Asbjørn Roiseland (Asbjørn Røiseland)	Nord University	https://openalex.org/I2802079931	https://ror.org/030mwrt98	education	"NORD University, Norway"																																																																	
PA_PUB_0034295	PA_AUTH_0057815	https://openalex.org/A5071151843	Mark T. Imperial	Mark T. Imperial (Mark T. Imperial)	University of North Carolina Wilmington	https://openalex.org/I153901656	https://ror.org/02t0qr014	education	"University of North Carolina at Wilmington,"																																																																	
PA_PUB_0040059	PA_AUTH_0084748	https://openalex.org/A5112724539	Bradley E. Wright	Bradley E. Wright (Bradley E. Wright)	University of North Carolina at Charlotte	https://openalex.org/I102149020	https://ror.org/04dawnj30	education	University of North Carolina at Charlotte*																																																																	
PA_PUB_0040059	PA_AUTH_0054121	https://openalex.org/A5066592812	Sanjay K. Pandey	Sanjay K. Pandey (Sanjay K. Pandey)	University of Kansas	https://openalex.org/I146416000	https://ror.org/001tmjg57	education	"University of Kansas, Lawrence"																																																																	
PA_PUB_0038466	PA_AUTH_0006729	https://openalex.org/A5008083587	Barry Bozeman	Barry Bozeman (Barry Bozeman)	University of Georgia	https://openalex.org/I165733156	https://ror.org/00te3t702	education	University of Georgia - Athens																																																																	
PA_PUB_0038466	PA_AUTH_0041727	https://openalex.org/A5051274338	Mary Feeney	Mary Feeney (Mary K. Feeney)	University of Georgia	https://openalex.org/I165733156	https://ror.org/00te3t702	education	University of Georgia - Athens																																																																	
PA_PUB_0016109	PA_AUTH_0025950	https://openalex.org/A5031852346	Paul R. Schulman	Paul R. Schulman (Paul R. Schulman)	Mills College	https://openalex.org/I91481961	https://ror.org/01ynb8e46	education	Mills College																																																																	
PA_PUB_0003873	PA_AUTH_0001912	https://openalex.org/A5002219477	Hal G. Rainey	Hal G. Rainey (Hal G. Rainey)	Florida State University	https://openalex.org/I103163165	https://ror.org/05g3dte14	education	Florida State University																																																																	
PA_PUB_0037088	PA_AUTH_0043575	https://openalex.org/A5053572128	Donald P. Moynihan	Donald P. Moynihan (Donald P. Moynihan)	University of Wisconsin–Madison	https://openalex.org/I135310074	https://ror.org/01y2jtd41	education	University of Wisconsin-Madison																																																																	
PA_PUB_0037088	PA_AUTH_0054121	https://openalex.org/A5066592812	Sanjay K. Pandey	Sanjay K. Pandey (Sanjay K. Pandey)	University of Kansas	https://openalex.org/I146416000	https://ror.org/001tmjg57	education	"The University of Kansas, Lawrence"																																																																	
PA_PUB_0038497	PA_AUTH_0012005	https://openalex.org/A5014566928	Jurian Edelenbos	Jurian Edelenbos (Jurian Edelenbos)	Erasmus University Rotterdam	https://openalex.org/I913958620	https://ror.org/057w15z03	education	"Erasmus University, Rotterdam, the Netherlands"																																																																	
PA_PUB_0038497	PA_AUTH_0007206	https://openalex.org/A5008602905	Erik-Hans Klijn	Erik‐Hans Klijn (Erik-Hans Klijn)	Erasmus University Rotterdam	https://openalex.org/I913958620	https://ror.org/057w15z03	education	"Erasmus University, Rotterdam, the Netherlands"																																																																	
PA_PUB_0045721	PA_AUTH_0007206	https://openalex.org/A5008602905	Erik-Hans Klijn	Erik‐Hans Klijn (Erik-Hans Klijn)	Erasmus University Rotterdam	https://openalex.org/I913958620	https://ror.org/057w15z03	education	"Erasmus University, Rotterdam, Netherlands"																																																																	
PA_PUB_0045721	PA_AUTH_0012005	https://openalex.org/A5014566928	Jurian Edelenbos	Jurian Edelenbos (Jurian Edelenbos)	Erasmus University Rotterdam	https://openalex.org/I913958620	https://ror.org/057w15z03	education	"Erasmus University, Rotterdam, Netherlands"																																																																	
PA_PUB_0045721	PA_AUTH_0016300	https://openalex.org/A5019944396	Bram Steijn	Bram Steijn (Bram Steijn)	Erasmus University Rotterdam	https://openalex.org/I913958620	https://ror.org/057w15z03	education	"Erasmus University, Rotterdam, Netherlands"																																																																	
PA_PUB_0022268	PA_AUTH_0061481	https://openalex.org/A5075632036	Craig W. Thomas	Craig W. Thomas (Craig W. Thomas)	University of Massachusetts Amherst	https://openalex.org/I24603500	https://ror.org/0072zz521	education	University of Massachusetts: Amherst																																																																	
PA_PUB_0029154	PA_AUTH_0021979	https://openalex.org/A5026984273	John Alford	John Alford (John Alford)	The University of Melbourne	https://openalex.org/I165779595	https://ror.org/01ej9dk98	education	University of Melbourne																																																																	
PA_PUB_0060638	PA_AUTH_0014902	https://openalex.org/A5018159252	Ulrich Thy Jensen	Ulrich Thy Jensen (Ulrich Thy Jensen)	Arizona State University	https://openalex.org/I55732556	https://ror.org/03efmqc40	education	"Arizona State University, AZ, USA"																																																																	
PA_PUB_0060638	PA_AUTH_0069995	https://openalex.org/A5086010166	Lotte Bøgh Andersen	Lotte Bøgh Andersen (Lotte Bøgh Andersen)	Aarhus University	https://openalex.org/I204337017	https://ror.org/01aj84f44	education	"Danish Institute for Local and Regional Government Research, Copenhagen, Denmark"					"Aarhus University, Denmark"																																																												
PA_PUB_0060638	PA_AUTH_0087068		Louise Ladegaard Bro	Louise Ladegaard Bro (Louise Ladegaard Bro)	Aarhus University	https://openalex.org/I204337017	https://ror.org/01aj84f44	education	"Aarhus University, Denmark"																																																																	
PA_PUB_0060638	PA_AUTH_0009256	https://openalex.org/A5011158894	Anne Bøllingtoft	Anne Bøllingtoft (Anne Bøllingtoft)	Aarhus University	https://openalex.org/I204337017	https://ror.org/01aj84f44	education	"Aarhus University, Denmark"																																																																	
PA_PUB_0060638	PA_AUTH_0060505	https://openalex.org/A5074430648	Tine Louise Mundbjerg Eriksen	Tine Louise Mundbjerg Eriksen (Tine Louise Mundbjerg Eriksen)	Aarhus University	https://openalex.org/I204337017	https://ror.org/01aj84f44	education	"Aarhus University, Denmark"																																																																	
PA_PUB_0060638	PA_AUTH_0068654	https://openalex.org/A5084322023	Ann-Louise Holten	Ann‐Louise Holten (Ann-Louise Holten)	University of Copenhagen	https://openalex.org/I124055696	https://ror.org/035b05819	education	"University of Copenhagen, Denmark"																																																																	
PA_PUB_0060638	PA_AUTH_0052544	https://openalex.org/A5064681508	Christian Bøtcher Jacobsen	Christian Bøtcher Jacobsen (Christian Bøtcher Jacobsen)	Aarhus University	https://openalex.org/I204337017	https://ror.org/01aj84f44	education	"Aarhus University, Denmark"																																																																	
PA_PUB_0060638	PA_AUTH_0039284	https://openalex.org/A5048328663	Jacob Ladenburg	Jacob Ladenburg (Jacob Ladenburg)					"Danish Institute for Local and Regional Government Research, Copenhagen, Denmark"																																																																	
PA_PUB_0060638	PA_AUTH_0050288	https://openalex.org/A5061890779	Poul Aaes Nielsen	Poul Aaes Nielsen (Poul Aaes Nielsen)	University of Southern Denmark	https://openalex.org/I177969490	https://ror.org/03yrrjy16	education	"University of Southern Denmark, Odense, Denmark"																																																																	
PA_PUB_0060638	PA_AUTH_0051652	https://openalex.org/A5063582019	Heidi Houlberg Salomonsen	Heidi Houlberg Salomonsen (Heidi Houlberg Salomonsen)	Aalborg University	https://openalex.org/I891191580	https://ror.org/04m5j1k67	education	"Aalborg University, Denmark"																																																																	
PA_PUB_0060638	PA_AUTH_0085294	https://openalex.org/A5113517165	Niels Westergård-Nielsen	Niels Westergård‐Nielsen (Niels Westergård-Nielsen)	Copenhagen Business School	https://openalex.org/I180519160	https://ror.org/04sppb023	education	"Copenhagen Business School, Denmark"																																																																	
PA_PUB_0060638	PA_AUTH_0007556	https://openalex.org/A5009036656	Allan Würtz	Allan Würtz (Allan Würtz)	Aarhus University	https://openalex.org/I204337017	https://ror.org/01aj84f44	education	"Aarhus University, Denmark"																																																																	
PA_PUB_0052328	PA_AUTH_0059770	https://openalex.org/A5073518178	C.J.A.M. Termeer	C.J.A.M. Termeer (Catrien J. A. M. Termeer)	Wageningen University & Research	https://openalex.org/I913481162	https://ror.org/04qw24q55	education	"Wageningen University, Netherlands"																																																																	
PA_PUB_0052328	PA_AUTH_0034523	https://openalex.org/A5042495356	Art Dewulf	Art Dewulf (Art Dewulf)	Wageningen University & Research	https://openalex.org/I913481162	https://ror.org/04qw24q55	education	"Wageningen University, Netherlands"																																																																	
PA_PUB_0052328	PA_AUTH_0065160	https://openalex.org/A5080131973	G.E. Breeman	G.E. Breeman (Gerard Breeman)	Wageningen University & Research	https://openalex.org/I913481162	https://ror.org/04qw24q55	education	"Wageningen University, Netherlands"																																																																	
PA_PUB_0052328	PA_AUTH_0055631	https://openalex.org/A5068465487	Sabina Stiller	Sabina Stiller (Sabina J. Stiller)	Wageningen University & Research	https://openalex.org/I913481162	https://ror.org/04qw24q55	education	"Wageningen University, Netherlands"																																																																	
PA_PUB_0015288	PA_AUTH_0054141	https://openalex.org/A5066617319	Paul ‘t Hart	Paul ‘t Hart (Paul 't Hart)	Leiden University	https://openalex.org/I121797337	https://ror.org/027bh9e22	education	"University of Leiden, the Netherlands."																																																																	
PA_PUB_0015288	PA_AUTH_0026688	https://openalex.org/A5032752343	Uriel Rosenthal	Uriel Rosenthal (Uriel Rosenthal)	Netherlands School of Public Administration	https://openalex.org/I4210134196	https://ror.org/033958n71	education	"University of Leiden, the Netherlands, Netherlands School of Government"																																																																	
PA_PUB_0015288	PA_AUTH_0048075	https://openalex.org/A5059211933	Alexander Kouzmin	Alexander Kouzmin (Alexander Kouzmin)	Nepean Hospital	https://openalex.org/I2801688508	https://ror.org/03vb6df93	healthcare	"University of Western Sydney, Nepean"	Western Sydney University	https://openalex.org/I63525965	https://ror.org/03t52dk35	education																																																													
PA_PUB_0066391	PA_AUTH_0017857	https://openalex.org/A5021817508	Christopher Ansell	Christopher Ansell (Chris Ansell)	"University of California, Berkeley"	https://openalex.org/I95457486	https://ror.org/01an7q238	education	"University of California, Berkeley, CA, USA"																																																																	
PA_PUB_0066391	PA_AUTH_0066158	https://openalex.org/A5081367804	Arjen Boin	Arjen Boin (Arjen Boin)	Leiden University	https://openalex.org/I121797337	https://ror.org/027bh9e22	education	"Universiteit Leiden, Leiden, Netherlands"																																																																	
PA_PUB_0032129	PA_AUTH_0044734	https://openalex.org/A5055032163	Maarten A. Hajer	Maarten A. Hajer (Maarten A. Hajer)	University of Amsterdam	https://openalex.org/I887064364	https://ror.org/04dkp9463	education	University of Amsterdam																																																																	
PA_PUB_0019067	PA_AUTH_0007206	https://openalex.org/A5008602905	Erik-Hans Klijn	Erik‐Hans Klijn (Erik hans Klijn)	Erasmus University Rotterdam	https://openalex.org/I913958620	https://ror.org/057w15z03	education	Erasmus University of Rotterdam																																																																	
PA_PUB_0045056	PA_AUTH_0077912	https://openalex.org/A5102707107	Daniel Béland	Daniel Béland (Daniel Béland)	University of Saskatchewan	https://openalex.org/I32625721	https://ror.org/010x8gc63	education	"University of Saskatchewan, Saskatoon, Canada"																																																																	
PA_PUB_0011396	PA_AUTH_0003750	https://openalex.org/A5004388635	Sandra Waddock	Sandra Waddock (Sandra A. Waddock)	Boston College	https://openalex.org/I103531236	https://ror.org/02n2fzt79	education	Boston College																																																																	
PA_PUB_0027865	PA_AUTH_0024003	https://openalex.org/A5029466485	Todd M. La Porte	Todd M. La Porte (Todd M. la Porte)	George Mason University	https://openalex.org/I162714631	https://ror.org/02jqj7156	education	George Mason University																																																																	
PA_PUB_0027865	PA_AUTH_0083336	https://openalex.org/A5111456612	Chris C. Demchak	Chris C. Demchak (Chris C. Demchak)	University of Arizona	https://openalex.org/I138006243	https://ror.org/03m2x1q45	education	University of Arizona																																																																	
PA_PUB_0027865	PA_AUTH_0087115		Martin de Jong	Martin de Jong (Martin de Jong)	Institute on Governance	https://openalex.org/I1292020679	https://ror.org/00ppf7x29	nonprofit	Organisation and Governance	University of Technology	https://openalex.org/I4210134318	https://ror.org/03gbw6p94	education	University of Technology																																																												
PA_PUB_0024817	PA_AUTH_0002747	https://openalex.org/A5003218937	Thomas Webler	Thomas Webler (Thomas Webler)	Social and Environmental Research Institute	https://openalex.org/I4210148514	https://ror.org/04vv3qe07	facility	Social and Environmental Research Institute																																																																	
PA_PUB_0024817	PA_AUTH_0062888	https://openalex.org/A5077343912	Seth Tuler	Seth Tuler (Seth Tuler)	Social and Environmental Research Institute	https://openalex.org/I4210148514	https://ror.org/04vv3qe07	facility	Social and Environmental Research Institute																																																																	
PA_PUB_0057066	PA_AUTH_0002039	https://openalex.org/A5002366164	Patricia Bromley	Patricia Bromley (Patricia Bromley)	University of Utah	https://openalex.org/I223532165	https://ror.org/03r0ha626	education	"University of Utah, Salt Lake City, USA"																																																																	
PA_PUB_0057066	PA_AUTH_0071453	https://openalex.org/A5087738695	John W. Meyer	John W. Meyer (John W. Meyer)	Stanford University	https://openalex.org/I97018004	https://ror.org/00f54p054	education	"#N#2Stanford University, CA, USA"																																																																	
PA_PUB_0037163	PA_AUTH_0034355	https://openalex.org/A5042278842	Charo Rodríguez	Charo Rodríguez (Charo Rodríguez)	McGill University	https://openalex.org/I5023651	https://ror.org/01pxwe438	education	"McGill University, Montréal, Québec, Canada"																																																																	
PA_PUB_0037163	PA_AUTH_0048000	https://openalex.org/A5059129402	Ann Langley	Ann Langley (Ann Langley)	HEC Montréal	https://openalex.org/I108192572	https://ror.org/05ww3wq27	education	"HEC, Montréal, Québec, Canada"																																																																	
PA_PUB_0037163	PA_AUTH_0063248	https://openalex.org/A5077835749	François Béland	François Béland (François Béland)	Université de Montréal	https://openalex.org/I70931966	https://ror.org/0161xgx34	education	"Université de Montréal, Québec, Canada"																																																																	
PA_PUB_0037163	PA_AUTH_0014735	https://openalex.org/A5017970648	Jean-Louis Denis	Jean‐Louis Denis (Jean-Louis Denis)	Université de Montréal	https://openalex.org/I70931966	https://ror.org/0161xgx34	education	"Université de Montréal, Québec, Canada"																																																																	
PA_PUB_0036072	PA_AUTH_0021726	https://openalex.org/A5026672787	Naim Kapucu	Naim Kapucu (Naim Kapucu)	University of Central Florida	https://openalex.org/I106165777	https://ror.org/036nfer12	education	UNIVERSITY OF CENTRAL FLORIDA					University of Central Florida																																																												
PA_PUB_0036072	PA_AUTH_0039236	https://openalex.org/A5048267848	Montgomery Van Wart	Montgomery Van Wart (Montgomery Van Wart)	"California State University, San Bernardino"	https://openalex.org/I43369023	https://ror.org/02n651896	education	"California State University, San Bernardino"																																																																	
PA_PUB_0034136	PA_AUTH_0087498		Seok-Eun Kim	Seok-Eun Kim (Seok-Eun Kim)	Kansas State University	https://openalex.org/I189590672	https://ror.org/05p1j8758	education	DEPARTMENT OF PUBLIC ADMINISTRATION					Kansas State University																																																												
PA_PUB_0044118	PA_AUTH_0021726	https://openalex.org/A5026672787	Naim Kapucu	Naim Kapucu (Naim Kapucu)	University of Central Florida	https://openalex.org/I106165777	https://ror.org/036nfer12	education	University of Central Florida [Orlando]																																																																	
PA_PUB_0044118	PA_AUTH_0011653	https://openalex.org/A5014130241	Tolga Arslan	Tolga Arslan (Tolga Arslan)	University of Georgia	https://openalex.org/I165733156	https://ror.org/00te3t702	education	University of Georgia - Athens																																																																	
PA_PUB_0044118	PA_AUTH_0056521	https://openalex.org/A5069536480	Matthew Collins	Matthew Collins (Matthew Lloyd Collins)	Walden University	https://openalex.org/I80046288	https://ror.org/02qp2hh41	education	"Walden University, Naples, Florida"																																																																	
PA_PUB_0023934	PA_AUTH_0079094	https://openalex.org/A5103539448	Melissa M. Stone	Melissa M. Stone (Melissa M. Stone)	University of Minnesota System	https://openalex.org/I2800403580	https://ror.org/03grvy078	education	University of Minnesota																																																																	
PA_PUB_0023934	PA_AUTH_0037947	https://openalex.org/A5046690838	Barbara Bigelow	Barbara Bigelow (Barbara Bigelow)	Clark University	https://openalex.org/I130785548	https://ror.org/04123ky43	education	Clark University																																																																	
PA_PUB_0023934	PA_AUTH_0058537	https://openalex.org/A5071989194	William F. Crittenden	William F. Crittenden (William Crittenden)	Universidad del Noreste	https://openalex.org/I87182695	https://ror.org/02ahky613	education	Northeastern University																																																																	
PA_PUB_0031622	PA_AUTH_0043575	https://openalex.org/A5053572128	Donald P. Moynihan	Donald P. Moynihan (Donald P. Moynihan)	Mitchell Institute	https://openalex.org/I2801613365	https://ror.org/03ds72003	nonprofit	Texas A&M University	Texas A&M University	https://openalex.org/I91045830	https://ror.org/01f5ytq51	education																																																													
PA_PUB_0031622	PA_AUTH_0014908	https://openalex.org/A5018170416	Patricia W. Ingraham	Patricia W. Ingraham (Patricia Wallace Ingraham)	Syracuse University	https://openalex.org/I70983195	https://ror.org/025r5qe02	education	syracuse University																																																																	
PA_PUB_0034095	PA_AUTH_0018660	https://openalex.org/A5022833355	Ann L. Cunliffe	Ann L. Cunliffe (Ann L. Cunliffe)					University of New Mexico																																																																	
PA_PUB_0034095	PA_AUTH_0085818	https://openalex.org/A5113974166	Jong Sup Jun	Jong Sup Jun (Jong S. Jun)	California State University System	https://openalex.org/I127339247	https://ror.org/020qm1538	education	"California State University, Hayward"																																																																	
PA_PUB_0039281	PA_AUTH_0028607	https://openalex.org/A5035135766	George A. Boyne	George A. Boyne (George A. Boyne)	Cardiff University	https://openalex.org/I79510175	https://ror.org/03kk7td41	education	"Cardiff University, Wales, UK,"																																																																	
PA_PUB_0039281	PA_AUTH_0043843	https://openalex.org/A5053940388	Kenneth J. Meier	Kenneth J. Meier (Kenneth J. Meier)	Texas A&M University	https://openalex.org/I91045830	https://ror.org/01f5ytq51	education	"Texas A&M University, College Station"																																																																	
PA_PUB_0037826	PA_AUTH_0054080	https://openalex.org/A5066538484	David Coursey	David Coursey (David H. Coursey)	Arizona State University	https://openalex.org/I55732556	https://ror.org/03efmqc40	education	School of Urban & Public Affairs					"Arizona State University, Tempe"																																																												
PA_PUB_0037826	PA_AUTH_0054121	https://openalex.org/A5066592812	Sanjay K. Pandey	Sanjay K. Pandey (Sanjay K. Pandey)	University of Kansas	https://openalex.org/I146416000	https://ror.org/001tmjg57	education	"University of Kansas, Lawrence"																																																																	
PA_PUB_0014951	PA_AUTH_0082156	https://openalex.org/A5110163296	David G. Carnevale	David G. Carnevale (David G. Carnevale)	University of Oklahoma	https://openalex.org/I8692664	https://ror.org/02aqsxs83	education	University of Oklahoma																																																																	
PA_PUB_0014951	PA_AUTH_0011012	https://openalex.org/A5013330681	Barton Wechsler	Barton Wechsler (Barton Wechsler)	Florida State University	https://openalex.org/I103163165	https://ror.org/05g3dte14	education	Florida State University																																																																	
PA_PUB_0030508	PA_AUTH_0062181	https://openalex.org/A5076478857	Patricia M. Shields	Patricia M. Shields (Patricia M. Shields)					Texas State University																																																																	
PA_PUB_0050713	PA_AUTH_0062979	https://openalex.org/A5077475073	Michael Howlett	Michael Howlett (Michael Howlett)	Simon Fraser University	https://openalex.org/I18014758	https://ror.org/0213rcc28	education	"Simon Fraser University, Burnaby, British Columbia, Canada"																																																																	
PA_PUB_0050713	PA_AUTH_0025486	https://openalex.org/A5031267094	Raul P. Lejano	Raul P. Lejano (Raul P. Lejano)	University of Hong Kong	https://openalex.org/I889458895	https://ror.org/02zhqgq86	education	"#N# 3University of Hong Kong, Hong Kong"	"University of California, Irvine"	https://openalex.org/I204250578	https://ror.org/04gyf1771	education	"#N# 2University of California, Irvine, USA"																																																												
PA_PUB_0012644	PA_AUTH_0003750	https://openalex.org/A5004388635	Sandra Waddock	Sandra Waddock (Sandra A. Waddock)	Boston College	https://openalex.org/I103531236	https://ror.org/02n2fzt79	education	Boston College																																																																	
PA_PUB_0055039	PA_AUTH_0024133	https://openalex.org/A5029611417	Enrique Bonsón Ponte	Enrique Bonsón Ponte (Enrique Bonsón)	Universidad de Huelva	https://openalex.org/I78880903	https://ror.org/03a1kt624	education	"Universidad de Huelva, Spain"																																																																	
PA_PUB_0055039	PA_AUTH_0057707	https://openalex.org/A5071025761	Sonia Royo	Sonia Royo (Sonia Royo)	Universidad de Zaragoza	https://openalex.org/I255234318	https://ror.org/012a91z28	education	"Universidad de Zaragoza, Spain"																																																																	
PA_PUB_0055039	PA_AUTH_0029026	https://openalex.org/A5035610510	Melinda Ratkai	Melinda Ratkai (Melinda Ratkai)	Universidad de Huelva	https://openalex.org/I78880903	https://ror.org/03a1kt624	education	"Universidad de Huelva, Spain"																																																																	
PA_PUB_0053146	PA_AUTH_0025248	https://openalex.org/A5030969691	Mirko Noordegraaf	Mirko Noordegraaf (Mirko Noordegraaf)	Altrecht GGZ	https://openalex.org/I4210154893	https://ror.org/050jqep38	healthcare	"#N# 1Utrecht University, Netherlands"	Utrecht University	https://openalex.org/I193662353	https://ror.org/04pp8hn57	education																																																													
PA_PUB_0054640	PA_AUTH_0055495	https://openalex.org/A5068296853	Gjalt de Graaf	Gjalt de Graaf (Gjalt de Graaf)					"#N# 1VU University, Amsterdam, the Netherlands"																																																																	
PA_PUB_0054640	PA_AUTH_0037010	https://openalex.org/A5045507185	L.W.J.C. Huberts	L.W.J.C. Huberts (Leo Huberts)					"#N# 1VU University, Amsterdam, the Netherlands"																																																																	
PA_PUB_0054640	PA_AUTH_0007215	https://openalex.org/A5008615316	Remco Smulders	Remco Smulders (Remco Smulders)					"#N# 1VU University, Amsterdam, the Netherlands"																																																																	
PA_PUB_0060183	PA_AUTH_0016866	https://openalex.org/A5020629618	Sebawit G. Bishu	Sebawit G. Bishu (Sebawit G. Bishu)	Florida International University	https://openalex.org/I19700959	https://ror.org/02gz6gg07	education	"Florida International University, Miami, USA"																																																																	
PA_PUB_0060183	PA_AUTH_0011415	https://openalex.org/A5013812130	Mohamad G. Alkadry	Mohamad G. Alkadry (Mohamad G. Alkadry)	Florida International University	https://openalex.org/I19700959	https://ror.org/02gz6gg07	education	"Florida International University, Miami, USA"																																																																	
PA_PUB_0054392	PA_AUTH_0008096	https://openalex.org/A5009706429	Kevin C. Desouza	Kevin C. Desouza (Kevin C. Desouza)	Arizona State University	https://openalex.org/I55732556	https://ror.org/03efmqc40	education	"#N# 1Arizona State University, Phoenix, AZ, USA"	Phoenix (United States)	https://openalex.org/I4210104856	https://ror.org/01ggenr10	company																																																													
PA_PUB_0054392	PA_AUTH_0045269	https://openalex.org/A5055681851	Benoy Jacob	Benoy Jacob (Benoy Jacob)	University of Colorado Denver	https://openalex.org/I921990950	https://ror.org/02hh7en24	education	"#N# 2University of Colorado, Denver, CO, USA"																																																																	
PA_PUB_0020794	PA_AUTH_0081684	https://openalex.org/A5109808793	Laurence J. O’Toole	Laurence J. O’Toole (Laurence J. O'Toole)					"University of Georgia,"																																																																	
PA_PUB_0045777	PA_AUTH_0010138	https://openalex.org/A5012284849	Lori A. Brainard	Lori A. Brainard (Lori A. Brainard)	George Washington University	https://openalex.org/I193531525	https://ror.org/00y4zzh67	education	"The George Washington University, Washington, D. C.,"																																																																	
PA_PUB_0045777	PA_AUTH_0062943	https://openalex.org/A5077426702	John G. McNutt	John G. McNutt (John G. McNutt)	University of Delaware	https://openalex.org/I86501945	https://ror.org/01sbq1a82	education	"University of Delaware, Newark"																																																																	
PA_PUB_0046592	PA_AUTH_0011620	https://openalex.org/A5014082327	Thomas Schillemans	Thomas Schillemans (Thomas Schillemans)	Utrecht University	https://openalex.org/I193662353	https://ror.org/04pp8hn57	education	"Utrecht University, Utrecht, Netherlands"																																																																	
